,spatial_cluster,x_median,y_median
0,0,13166.8193359375,22786.416015625
1,1,14707.2265625,15353.8544921875
2,2,18429.03125,27255.6015625
3,3,25165.16796875,22186.609375
4,4,9243.2783203125,26276.767578125
5,5,9778.90234375,24686.41796875
6,6,14260.115234375,27170.08203125
7,7,25388.70703125,22102.767578125
8,8,9794.8896484375,24359.96875
9,9,10723.1484375,17718.373046875
10,10,4071.2451171875,12834.216796875
11,11,7414.7939453125,17170.94140625
12,12,12567.7646484375,15057.068359375
13,13,9431.0029296875,14215.7607421875
14,14,12323.6689453125,19224.427734375
15,15,12661.759765625,24214.576171875
16,16,4233.0771484375,27768.431640625
17,17,21580.900390625,17961.49609375
18,18,10028.623046875,21098.041015625
19,19,23099.1484375,19571.310546875
20,20,29382.22265625,20010.12890625
21,21,7290.51806640625,15884.2861328125
22,22,15494.876953125,16829.646484375
23,23,25174.9765625,20218.291015625
24,24,6948.16650390625,15576.30859375
25,25,12587.7197265625,21423.6484375
26,26,15683.93359375,14345.15625
27,27,28471.51171875,17581.5859375
28,28,9381.9912109375,25984.1484375
29,29,19159.478515625,25954.03515625
30,30,12047.0126953125,27435.73828125
31,31,28996.69921875,19944.158203125
32,32,10094.98046875,17094.6796875
33,33,20040.955078125,24536.76171875
34,34,16256.10546875,25720.166015625
35,35,9115.0927734375,11646.3017578125
36,36,11771.1875,22272.396484375
37,37,13402.02734375,11891.2216796875
38,38,13113.9755859375,11461.7265625
39,39,9906.720703125,15333.1357421875
40,40,30166.462890625,18754.916015625
41,41,13116.44140625,28434.884765625
42,42,13380.71484375,25787.828125
43,43,11390.66796875,22223.70703125
44,44,12736.7783203125,18757.490234375
45,45,18872.935546875,18871.2421875
46,46,19773.328125,24863.25
47,47,13523.0390625,24933.30859375
48,48,16957.921875,26442.9375
49,49,11109.52734375,14594.7265625
50,50,17364.31640625,27139.142578125
51,51,21243.212890625,19393.1640625
52,52,13379.6328125,22986.1328125
53,53,7403.603515625,16834.2578125
54,54,13993.458984375,16652.5703125
55,55,15100.375,20610.330078125
56,56,3219.739990234375,28920.818359375
57,57,14925.6611328125,17104.080078125
58,58,17114.9140625,23348.89453125
59,59,24655.6953125,18178.8984375
60,60,7824.697265625,26750.0546875
61,61,21657.06640625,19171.244140625
62,62,7915.4912109375,18554.65625
63,63,14330.263671875,16720.89453125
64,64,20605.05859375,17842.2734375
65,65,15401.861328125,23925.31640625
66,66,16719.06640625,26586.439453125
67,67,12512.9990234375,17727.408203125
68,68,18748.55859375,23278.576171875
69,69,9307.97265625,18357.5703125
70,70,11398.763671875,14254.953125
71,71,3810.732177734375,28312.587890625
72,72,6501.880859375,14646.1630859375
73,73,17296.015625,24046.0078125
74,74,8264.0107421875,18339.90625
75,75,12357.08984375,17365.130859375
76,76,9363.4931640625,15869.40625
77,77,9069.935546875,15729.3525390625
78,78,10505.3466796875,19231.232421875
79,79,21463.7734375,18615.16796875
80,80,10200.486328125,27527.36328125
81,81,25652.9765625,19557.046875
82,82,10342.52734375,18886.046875
83,83,11705.9296875,12478.107421875
84,84,23476.39453125,18533.1171875
85,85,23549.41796875,20271.865234375
86,86,16271.96484375,27203.703125
87,87,8175.82177734375,15234.2529296875
88,88,12288.521484375,14664.4609375
89,89,12520.5546875,27360.640625
90,90,3762.5791015625,12693.154296875
91,91,18728.54296875,22950.21484375
92,92,12684.484375,26942.97265625
93,93,23537.30859375,20493.1484375
94,94,14587.0810546875,20575.1171875
95,95,10027.509765625,22228.220703125
96,96,20053.453125,19377.318359375
97,97,8842.62890625,15891.25390625
98,98,13966.009765625,17484.3515625
99,99,9412.4482421875,15453.2783203125
100,100,23689.66015625,21292.73828125
101,101,14849.484375,27824.857421875
102,102,4799.90576171875,27507.1875
103,103,12157.111328125,13353.0361328125
104,104,9851.736328125,23683.5234375
105,105,21174.51953125,15800.798828125
106,106,20295.646484375,11365.8466796875
107,107,14445.8271484375,25697.75390625
108,108,13325.173828125,25200.853515625
109,109,12483.6015625,14527.2822265625
110,110,23136.515625,18919.65234375
111,111,21713.140625,24493.837890625
112,112,11838.6982421875,14619.935546875
113,113,20871.94140625,18493.775390625
114,114,22726.720703125,20170.78125
115,115,13242.115234375,15435.28515625
116,116,14935.541015625,19252.640625
117,117,12575.03125,15283.884765625
118,118,24704.26171875,20329.59765625
119,119,14807.640625,14470.916015625
120,120,9384.02734375,15596.6240234375
121,121,12208.0234375,20849.296875
122,122,14792.3701171875,14952.05859375
123,123,18029.05859375,22783.806640625
124,124,8766.4873046875,13906.9423828125
125,125,11395.29296875,22618.54296875
126,126,15568.4736328125,24824.38671875
127,127,16931.021484375,17947.462890625
128,128,13956.18359375,26271.849609375
129,129,9214.666015625,15818.919921875
130,130,7853.6279296875,15404.943359375
131,131,9280.58203125,15751.837890625
132,132,11251.728515625,14035.267578125
133,133,10338.59375,27261.6171875
134,134,9200.91796875,24141.912109375
135,135,4977.9296875,11399.50390625
136,136,11746.1953125,25406.224609375
137,137,6538.12744140625,17188.474609375
138,138,5143.79736328125,11554.76171875
139,139,12992.201171875,27575.8359375
140,140,12284.1845703125,13245.6513671875
141,141,6228.884765625,15921.7734375
142,142,12613.015625,12691.193359375
143,143,20990.90625,22269.109375
144,144,20422.986328125,18915.580078125
145,145,11556.4130859375,18165.51953125
146,146,13681.48828125,17559.46875
147,147,21636.75,15921.2294921875
148,148,22582.390625,22253.77734375
149,149,17547.39453125,17640.140625
150,150,23333.525390625,21807.8203125
151,151,31779.107421875,19087.947265625
152,152,14896.43359375,23249.607421875
153,153,12402.55078125,16932.64453125
154,154,18417.6015625,15984.8134765625
155,155,21473.421875,19518.1015625
156,156,12843.87890625,25227.7421875
157,157,11536.9423828125,23148.99609375
158,158,21423.16796875,17761.56640625
159,159,8139.36767578125,26621.9453125
160,160,21190.423828125,21112.07421875
161,161,14160.470703125,25666.05859375
162,162,15308.5849609375,27636.2109375
163,163,15954.8359375,15835.392578125
164,164,12237.9853515625,11382.91796875
165,165,19673.2578125,21450.171875
166,166,28730.947265625,20131.74609375
167,167,15920.71484375,20171.08984375
168,168,9859.314453125,14362.236328125
169,169,12704.7021484375,17587.705078125
170,170,13830.90625,20836.77734375
171,171,9943.986328125,26585.0234375
172,172,11183.435546875,16816.212890625
173,173,16356.9423828125,17191.318359375
174,174,28596.162109375,15463.140625
175,175,12478.53515625,15374.39453125
176,176,15661.7314453125,26302.357421875
177,177,19826.720703125,24592.705078125
178,178,9666.29296875,26803.484375
179,179,10246.5166015625,15058.7734375
180,180,11266.6591796875,19381.798828125
181,181,24255.853515625,18560.7109375
182,182,17299.998046875,16649.587890625
183,183,3816.6357421875,13629.302734375
184,184,15447.517578125,21020.796875
185,185,6841.31298828125,26688.951171875
186,186,16577.59765625,20493.7734375
187,187,14194.8974609375,11004.0341796875
188,188,14655.33203125,20092.93359375
189,189,15105.0830078125,24931.005859375
190,190,11693.37890625,26019.138671875
191,191,12464.2177734375,12325.96875
192,192,9776.8837890625,13257.357421875
193,193,6450.5546875,27444.58203125
194,194,13472.423828125,24131.30078125
195,195,5571.4443359375,12540.2724609375
196,196,10039.6123046875,16095.2490234375
197,197,10501.296875,17553.447265625
198,198,15803.4716796875,17212.22265625
199,199,19060.95703125,20388.74609375
200,200,9631.216796875,14386.0654296875
201,201,12561.5625,27571.162109375
202,202,6724.734375,17736.681640625
203,203,29067.158203125,18689.59375
204,204,9818.17578125,26213.376953125
205,205,9845.1494140625,23047.48828125
206,206,13443.580078125,15943.3837890625
207,207,23229.3671875,22579.8828125
208,208,19151.0,24317.22265625
209,209,9660.6435546875,20374.595703125
210,210,12319.384765625,23219.109375
211,211,16620.25390625,18331.6328125
212,212,8451.263671875,17428.52734375
213,213,23070.626953125,17110.0
214,214,11267.1044921875,18100.8046875
215,215,23649.19140625,22097.34765625
216,216,18430.125,25262.828125
217,217,9348.873046875,21137.9375
218,218,21832.01171875,20869.982421875
219,219,7557.73193359375,16503.24609375
220,220,12637.82421875,18157.611328125
221,221,21972.40625,18722.662109375
222,222,10742.138671875,21665.10546875
223,223,9208.1181640625,13408.4580078125
224,224,22411.0859375,20082.84375
225,225,17317.50390625,26737.38671875
226,226,26543.595703125,18439.5625
227,227,9501.4453125,25105.271484375
228,228,13205.22265625,21242.3046875
229,229,16065.166015625,24261.22265625
230,230,16817.544921875,15685.8125
231,231,12549.0625,17237.849609375
232,232,13368.09765625,27216.833984375
233,233,9061.5244140625,15998.919921875
234,234,9076.2880859375,21350.21484375
235,235,19755.85546875,22387.2109375
236,236,14628.4169921875,22120.609375
237,237,20652.818359375,25447.86328125
238,238,6515.05859375,17708.36328125
239,239,13858.09375,27931.77734375
240,240,14977.7529296875,25163.173828125
241,241,28442.5625,15562.603515625
242,242,13985.98046875,15440.662109375
243,243,22811.95703125,20105.48828125
244,244,16575.4765625,26700.05078125
245,245,7599.72021484375,21728.55859375
246,246,8920.9306640625,16582.931640625
247,247,26810.8828125,18125.94921875
248,248,24397.10546875,21009.892578125
249,249,18773.109375,26565.478515625
250,250,23211.611328125,11743.50390625
251,251,25522.919921875,18305.1953125
252,252,26458.98046875,23183.529296875
253,253,25994.97265625,23039.14453125
254,254,18043.708984375,19698.73046875
255,255,29898.5234375,18699.580078125
256,256,7421.70654296875,21704.08203125
257,257,8828.3798828125,20954.619140625
258,258,11031.7919921875,19923.365234375
259,259,6019.875,15403.0146484375
260,260,15698.94921875,18305.1875
261,261,15664.857421875,22464.900390625
262,262,22109.40234375,17153.599609375
263,263,8960.98046875,25692.880859375
264,264,11996.943359375,15533.82421875
265,265,15159.853515625,26832.615234375
266,266,13890.541015625,22985.19140625
267,267,10368.125,11724.4111328125
268,268,9415.9375,21932.28515625
269,269,15723.1455078125,28290.19921875
270,270,10313.7734375,20622.2109375
271,271,9664.0546875,14664.4326171875
272,272,26736.1171875,19613.130859375
273,273,10276.1455078125,19063.69140625
274,274,4269.384765625,11416.287109375
275,275,27854.224609375,19709.455078125
276,276,15339.767578125,23411.21875
277,277,13996.3291015625,25944.50390625
278,278,17027.765625,24879.4765625
279,279,4469.1884765625,11927.892578125
280,280,22809.68359375,17042.37109375
281,281,30885.64453125,18789.921875
282,282,3268.6220703125,28441.373046875
283,283,8965.203125,13634.666015625
284,284,14603.1904296875,18984.908203125
285,285,9578.3408203125,14743.57421875
286,286,14543.5830078125,24488.162109375
287,287,16098.6259765625,14803.080078125
288,288,18536.76171875,16474.013671875
289,289,20428.037109375,21371.0859375
290,290,25983.6015625,23141.140625
291,291,6827.486328125,21165.734375
292,292,17790.328125,27342.60546875
293,293,11891.19921875,27736.275390625
294,294,5601.533203125,27740.845703125
295,295,17518.30859375,21383.875
296,296,21801.1328125,15982.6416015625
297,297,14742.9892578125,22814.42578125
298,298,27134.44921875,17904.03125
299,299,12283.666015625,14235.435546875
300,300,10680.52734375,16680.97265625
301,301,9968.041015625,27310.638671875
302,302,6341.78369140625,11952.8017578125
303,303,29668.9375,17921.1796875
304,304,15498.4365234375,28116.62890625
305,305,9664.0234375,24433.384765625
306,306,14863.6416015625,16755.537109375
307,307,26293.751953125,20966.826171875
308,308,15935.123046875,27252.755859375
309,309,25037.244140625,22572.767578125
310,310,15594.404296875,25710.203125
311,311,30977.275390625,18412.888671875
312,312,11458.8251953125,25344.365234375
313,313,6433.61279296875,15643.1689453125
314,314,10216.46875,17507.75390625
315,315,20247.8828125,18160.76953125
316,316,19781.63671875,25639.48828125
317,317,12877.1484375,19378.83203125
318,318,21853.068359375,19170.515625
319,319,11402.7216796875,15965.158203125
320,320,12331.791015625,29032.595703125
321,321,15423.28125,27762.70703125
322,322,23663.716796875,16974.23046875
323,323,13445.5380859375,14670.234375
324,324,13682.5390625,13304.49609375
325,325,5415.85693359375,14336.5458984375
326,326,16871.19921875,24820.21875
327,327,19802.298828125,25177.80078125
328,328,14165.130859375,11747.0048828125
329,329,19992.251953125,21871.35546875
330,330,15490.369140625,24609.2421875
331,331,9810.2158203125,22752.310546875
332,332,10032.40234375,19510.748046875
333,333,11288.876953125,16262.2744140625
334,334,12463.5859375,20264.77734375
335,335,13182.794921875,16195.802734375
336,336,8268.455078125,27090.9296875
337,337,14343.0712890625,24218.6171875
338,338,18166.78125,26783.861328125
339,339,6861.8154296875,16295.470703125
340,340,23794.498046875,18087.603515625
341,341,9388.6708984375,22766.748046875
342,342,22786.32421875,20981.912109375
343,343,10932.0224609375,14477.5546875
344,344,11234.82421875,21798.703125
345,345,6660.1552734375,28088.244140625
346,346,11778.9375,20445.099609375
347,347,12090.3330078125,20252.3515625
348,348,21922.9375,22308.16015625
349,349,5001.29248046875,11573.7177734375
350,350,15438.072265625,15186.623046875
351,351,5816.81884765625,26358.5625
352,352,3318.63623046875,28211.87109375
353,353,28695.09375,19324.45703125
354,354,20721.908203125,19259.009765625
355,355,30504.517578125,18847.25
356,356,15488.634765625,16146.83203125
357,358,5164.24267578125,13688.708984375
358,359,8773.640625,18291.0546875
359,360,9457.1884765625,19166.6484375
360,361,4202.4130859375,12399.470703125
361,362,18736.744140625,25444.57421875
362,363,13792.3134765625,19810.82421875
363,364,21543.888671875,17338.220703125
364,365,11444.826171875,19733.4609375
365,366,25542.154296875,20019.6796875
366,367,15511.794921875,27779.310546875
367,368,5984.76806640625,28015.349609375
368,369,8058.2197265625,16767.041015625
369,370,28382.974609375,25094.115234375
370,371,18637.318359375,19234.40625
371,372,13903.5791015625,22665.4140625
372,373,18081.875,17135.87890625
373,374,21758.43359375,24343.958984375
374,375,11928.9990234375,17599.294921875
375,376,12821.2001953125,22207.474609375
376,377,15304.4326171875,23266.0
377,378,21221.1015625,17346.138671875
378,379,24670.08203125,22026.7109375
379,380,17805.7421875,15383.939453125
380,381,13104.3671875,25600.0390625
381,382,16303.896484375,24881.087890625
382,383,8906.9111328125,14711.8515625
383,384,3886.81494140625,11271.8955078125
384,385,8249.921875,14866.8984375
385,386,21279.33203125,19645.12890625
386,387,17451.111328125,19539.251953125
387,388,23025.5390625,20809.544921875
388,389,3136.0595703125,28581.685546875
389,390,21044.103515625,17199.84765625
390,391,12901.4013671875,14528.14453125
391,392,21844.5546875,16823.66015625
392,393,4624.2880859375,15747.5712890625
393,394,8922.6787109375,21325.603515625
394,395,6392.29443359375,14830.365234375
395,396,8859.328125,21151.99609375
396,397,9844.09375,14860.853515625
397,398,12838.2236328125,11833.6962890625
398,399,17911.087890625,20749.193359375
399,400,12835.734375,22782.78125
400,401,13510.9326171875,13220.916015625
401,402,25989.24609375,20253.85546875
402,403,27759.619140625,19982.962890625
403,404,22223.921875,20263.345703125
404,405,5382.0625,12295.060546875
405,406,4369.5146484375,13890.638671875
406,407,11310.8203125,18215.455078125
407,408,12329.4052734375,27745.248046875
408,409,6568.19091796875,13961.03125
409,410,13572.2587890625,27976.69140625
410,411,23859.2109375,24660.37109375
411,412,8715.552734375,14183.013671875
412,413,19489.2890625,24790.5234375
413,414,9789.845703125,14037.80078125
414,415,24276.60546875,20110.52734375
415,416,11397.337890625,28000.6328125
416,417,10208.8876953125,20168.154296875
417,418,15329.9384765625,16450.7421875
418,419,19545.15625,16982.068359375
419,420,16604.916015625,24792.62890625
420,421,16845.2734375,26731.2265625
421,422,18421.533203125,24121.966796875
422,423,6855.5751953125,15815.201171875
423,424,12161.931640625,16771.390625
424,425,11148.5771484375,20116.763671875
425,426,14363.5146484375,20625.34765625
426,427,26173.802734375,21194.849609375
427,428,3649.083251953125,12522.158203125
428,429,6565.50048828125,16342.9658203125
429,430,10273.9931640625,26104.560546875
430,431,10471.2568359375,26224.984375
431,432,11858.7587890625,15028.07421875
432,433,6301.587890625,15091.732421875
433,434,15390.4072265625,23650.296875
434,435,16883.3984375,17321.359375
435,436,4133.1171875,13846.3681640625
436,437,7978.99658203125,13762.263671875
437,438,14450.9775390625,19591.263671875
438,439,23752.61328125,24685.263671875
439,440,8468.9013671875,25352.904296875
440,441,5030.5732421875,14499.7802734375
441,442,9594.04296875,23782.548828125
442,443,13749.1953125,16836.326171875
443,444,11605.6171875,16250.2744140625
444,445,7422.98291015625,13814.09375
445,446,10448.791015625,20026.736328125
446,448,22505.76953125,16715.76171875
447,449,19618.029296875,19584.12890625
448,450,18652.94140625,20100.267578125
449,451,13759.43359375,16584.318359375
450,452,25655.15234375,20744.365234375
451,453,15729.123046875,16042.66796875
452,454,5154.15380859375,27946.083984375
453,455,16482.65234375,27053.234375
454,456,12363.5673828125,21351.97265625
455,457,6153.48193359375,13506.5654296875
456,458,17230.072265625,22343.841796875
457,459,19398.67578125,25970.037109375
458,460,15739.0810546875,28750.78515625
459,461,7909.935546875,25259.150390625
460,462,10946.8349609375,23623.318359375
461,463,2736.35107421875,26631.98828125
462,464,4350.8369140625,13764.90234375
463,465,12754.3564453125,21504.759765625
464,466,22916.3828125,17436.1328125
465,467,7308.931640625,18960.59375
466,468,17905.359375,26996.40234375
467,469,10524.5390625,16182.251953125
468,470,11185.95703125,24383.888671875
469,471,29597.962890625,18291.921875
470,472,14300.02734375,12279.068359375
471,473,25689.26171875,17909.97265625
472,474,21559.654296875,16808.21484375
473,475,12859.5859375,16128.572265625
474,476,13818.068359375,15283.8916015625
475,477,23659.36328125,18144.513671875
476,478,6956.4755859375,15718.5
477,479,5833.7958984375,26555.271484375
478,480,7432.99951171875,25700.673828125
479,481,11746.8310546875,15986.306640625
480,482,21460.755859375,18498.455078125
481,483,10052.087890625,25607.78515625
482,484,26029.5625,21387.66015625
483,485,25467.828125,17833.83203125
484,486,11620.267578125,27997.5625
485,487,30821.23046875,18847.50390625
486,488,26604.1171875,20965.814453125
487,489,12783.7314453125,26328.49609375
488,490,6521.38671875,13788.064453125
489,491,19981.158203125,21653.119140625
490,492,12645.37890625,24441.75
491,493,25446.365234375,21294.5078125
492,494,8089.806640625,27565.18359375
493,495,28492.54296875,19600.65234375
494,496,13795.4404296875,16178.767578125
495,497,15620.6513671875,17126.6328125
496,498,18866.94921875,26303.0390625
497,499,10983.603515625,15591.234375
498,500,10017.083984375,13929.072265625
499,501,13427.654296875,12495.9052734375
500,502,3521.99609375,27132.26171875
501,503,18507.17578125,23125.22265625
502,504,4923.8681640625,14319.0625
503,505,4587.77490234375,14650.08984375
504,506,14043.5380859375,27538.142578125
505,507,18450.11328125,17107.12890625
506,508,21246.310546875,15518.091796875
507,509,4768.259765625,11556.59765625
508,510,8339.015625,16643.05078125
509,511,5961.01123046875,14609.4306640625
510,512,8582.3486328125,25758.6953125
511,513,14153.306640625,23325.986328125
512,514,21289.974609375,21227.6171875
513,515,10474.3994140625,21299.98828125
514,516,10333.4833984375,21166.390625
515,517,25392.9765625,19799.361328125
516,518,6962.2353515625,27079.70703125
517,519,10933.9873046875,26704.630859375
518,520,6830.76708984375,15364.712890625
519,521,21146.12890625,22632.5390625
520,522,12572.1123046875,13836.1064453125
521,523,5422.26953125,11534.5283203125
522,524,8869.33203125,15644.3427734375
523,525,20588.94140625,24767.19140625
524,526,20647.62109375,24953.306640625
525,527,15669.7783203125,15491.6025390625
526,528,16861.64453125,19727.220703125
527,529,23147.021484375,22145.6953125
528,530,10884.734375,21043.751953125
529,531,20943.1015625,25081.62890625
530,532,14404.6279296875,26181.7109375
531,533,9621.28125,15182.5322265625
532,534,17948.63671875,25809.9296875
533,535,28089.609375,20095.03125
534,536,4137.056640625,12141.8212890625
535,537,4029.873046875,27404.94921875
536,538,11751.826171875,13469.3203125
537,539,18389.02734375,19917.236328125
538,540,9620.787109375,21094.60546875
539,541,29376.1484375,17843.08984375
540,542,14714.423828125,24519.587890625
541,543,25130.4921875,25829.119140625
542,544,8867.8681640625,17388.8359375
543,545,10837.923828125,25306.515625
544,546,11155.21875,23582.744140625
545,547,14065.84375,15744.6845703125
546,548,21822.6015625,23447.3203125
547,549,11076.994140625,18499.2890625
548,550,9397.759765625,13814.5078125
549,551,12856.4755859375,24034.9375
550,552,15836.158203125,24849.8203125
551,553,4395.78076171875,11726.0673828125
552,554,15059.33984375,26521.69921875
553,555,32149.927734375,28336.71875
554,556,18143.236328125,18183.9140625
555,557,18454.421875,20322.77734375
556,558,5388.87353515625,14758.6943359375
557,559,10607.009765625,27028.208984375
558,560,10232.421875,14625.505859375
559,561,8474.923828125,16579.02734375
560,562,7194.388671875,14316.763671875
561,563,22279.591796875,17524.8515625
562,564,14102.103515625,15569.5087890625
563,565,8106.90966796875,14460.3193359375
564,566,13507.34375,24678.9375
565,567,15242.6796875,14404.505859375
566,568,11825.060546875,23441.453125
567,569,15384.458984375,27124.693359375
568,570,4742.0703125,26629.00390625
569,571,22232.04296875,22155.21484375
570,572,15941.2236328125,21613.958984375
571,573,14700.3212890625,28785.45703125
572,574,12749.3291015625,18277.732421875
573,575,13870.0,22333.07421875
574,576,22429.3125,23580.138671875
575,577,16374.76953125,25808.6875
576,578,9085.103515625,17060.837890625
577,579,26571.62890625,21323.26171875
578,580,18921.546875,17032.771484375
579,581,13640.171875,25788.796875
580,582,12538.884765625,23695.89453125
581,583,14083.3330078125,23651.509765625
582,584,13234.4462890625,14927.7900390625
583,585,18055.4765625,11916.529296875
584,586,11080.6640625,17578.912109375
585,587,30037.96875,18944.453125
586,588,13024.173828125,20992.73828125
587,589,17879.51171875,21248.8515625
588,590,8508.73828125,14867.49609375
589,591,22985.671875,17565.0859375
590,592,16213.298828125,27629.490234375
591,593,12047.23828125,15043.052734375
592,594,15302.9521484375,21113.197265625
593,595,16970.37109375,27216.970703125
594,596,21856.568359375,17156.724609375
595,597,21957.7734375,17118.015625
596,598,21380.82421875,15545.2626953125
597,599,9704.8623046875,21489.751953125
598,600,16684.248046875,27185.6796875
599,601,26186.818359375,20789.41015625
600,602,9244.015625,14581.828125
601,603,10912.001953125,24072.703125
602,604,15450.49609375,21752.28515625
603,605,15341.4892578125,22698.91796875
604,606,15077.572265625,15797.107421875
605,607,12289.015625,21138.1015625
606,608,11836.603515625,16737.171875
607,609,16925.265625,25718.78125
608,610,18096.689453125,19185.92578125
609,611,15500.58203125,17014.27734375
610,612,24456.546875,19904.212890625
611,613,9931.51953125,24625.55859375
612,614,4065.47412109375,11786.07421875
613,615,7552.17919921875,13890.126953125
614,616,11991.064453125,15096.7705078125
615,617,18972.76171875,25561.515625
616,618,14087.751953125,26407.03515625
617,619,23780.994140625,22101.548828125
618,620,4969.888671875,15407.607421875
619,621,11764.6552734375,19940.841796875
620,622,16412.048828125,16400.537109375
621,623,7492.09033203125,16013.716796875
622,624,16254.6962890625,16092.8046875
623,625,4338.875,28144.767578125
624,626,14854.9609375,19018.28125
625,627,21735.07421875,23609.65234375
626,628,14682.95703125,22379.15234375
627,629,22120.673828125,21230.5078125
628,630,8187.0322265625,28079.1015625
629,631,16742.1484375,26152.01171875
630,632,11601.9501953125,14081.248046875
631,633,13720.1982421875,16397.67578125
632,634,26482.759765625,18684.453125
633,635,21968.59375,23693.833984375
634,636,12230.13671875,19488.4609375
635,637,11762.470703125,19460.138671875
636,638,18547.912109375,26194.701171875
637,639,25388.875,25154.541015625
638,640,18784.07421875,19547.474609375
639,641,20243.1015625,17328.484375
640,642,14721.181640625,20497.005859375
641,643,10885.6494140625,15109.8427734375
642,644,10527.048828125,16328.638671875
643,645,3007.001953125,28842.748046875
644,646,18945.294921875,20669.619140625
645,647,17653.20703125,20660.216796875
646,648,7925.234375,19116.216796875
647,649,6057.8076171875,17460.77734375
648,650,11348.7802734375,18002.416015625
649,651,13458.2578125,11301.732421875
650,652,5785.87646484375,17330.44921875
651,653,3052.869140625,28952.498046875
652,654,6161.38330078125,17519.5703125
653,655,17016.8671875,23898.30859375
654,656,18630.0390625,25910.0859375
655,657,10878.0771484375,18225.56640625
656,658,24377.671875,18671.98046875
657,659,26534.681640625,27633.427734375
658,660,22010.685546875,16753.45703125
659,661,21094.689453125,22435.0625
660,662,16274.6787109375,27517.86328125
661,663,6736.70654296875,16370.2275390625
662,664,20646.626953125,23546.8359375
663,665,7331.41259765625,13035.283203125
664,666,7240.9443359375,16569.0390625
665,667,5687.998046875,11751.90625
666,668,21510.32421875,22867.482421875
667,669,26741.78125,19802.125
668,670,19415.359375,25817.34375
669,671,6689.32470703125,13685.3662109375
670,672,12118.87109375,23102.640625
671,673,13426.169921875,16929.234375
672,674,9667.1220703125,12998.154296875
673,675,11239.78515625,21993.314453125
674,676,11326.794921875,21925.37109375
675,677,10352.4296875,15458.74609375
676,678,7764.857421875,25333.458984375
677,679,13048.833984375,23496.59765625
678,680,4979.05859375,22801.7421875
679,681,17244.15234375,19513.544921875
680,682,22369.541015625,19641.40234375
681,683,27984.2890625,17834.298828125
682,684,20076.0546875,25292.146484375
683,685,10868.12890625,16535.767578125
684,686,12906.072265625,17424.27734375
685,687,18111.142578125,20562.296875
686,688,9277.0224609375,15972.96875
687,689,25874.931640625,19395.6328125
688,690,24809.2421875,18208.30859375
689,691,10148.9677734375,22685.0625
690,692,16809.974609375,27871.46875
691,693,14893.275390625,13020.896484375
692,694,10588.49609375,20179.98828125
693,695,18430.328125,20464.49609375
694,696,14463.2109375,24893.046875
695,697,18831.05078125,24525.958984375
696,698,14392.67578125,18045.361328125
697,699,14608.103515625,25837.439453125
698,700,14853.1181640625,12088.7734375
699,701,9504.2060546875,23106.982421875
700,702,9453.8125,24150.740234375
701,703,8548.6708984375,16109.4794921875
702,704,20137.24609375,20369.7109375
703,705,11080.26171875,22554.125
704,706,20069.982421875,15977.046875
705,707,15530.19921875,14111.3466796875
706,708,28210.0234375,18785.04296875
707,709,26025.35546875,21881.677734375
708,710,27167.69921875,18937.72265625
709,711,24450.888671875,20758.732421875
710,712,17935.583984375,22167.025390625
711,713,12613.3828125,22648.9140625
712,714,11234.70703125,24931.8515625
713,715,15763.478515625,15376.2236328125
714,716,12374.943359375,14864.0380859375
715,717,22209.65234375,16706.419921875
716,718,13411.9111328125,19973.66015625
717,719,4411.8701171875,13435.501953125
718,720,5342.8349609375,11694.9970703125
719,721,15941.244140625,26992.69921875
720,722,23932.927734375,20057.41796875
721,723,13601.140625,19936.419921875
722,724,22563.01953125,21637.857421875
723,725,22041.001953125,19986.634765625
724,726,21850.86328125,19888.171875
725,727,11089.7822265625,24425.5703125
726,728,28984.103515625,19247.09375
727,729,15405.1953125,26650.869140625
728,730,27510.4921875,18540.26171875
729,731,10719.1171875,18297.57421875
730,732,15219.04296875,21643.40234375
731,733,22457.578125,18213.919921875
732,734,13410.3662109375,26614.369140625
733,735,18233.173828125,17071.203125
734,736,22108.41015625,18488.88671875
735,737,26705.951171875,18911.228515625
736,738,8101.3623046875,13418.875
737,739,11408.00390625,18522.38671875
738,740,28681.984375,19063.00390625
739,741,13555.1240234375,15586.5224609375
740,742,10406.7001953125,16819.638671875
741,743,12516.2353515625,15699.6396484375
742,744,6089.26953125,14407.294921875
743,745,26814.96875,20622.626953125
744,746,25775.591796875,18406.314453125
745,747,16637.75,25584.857421875
746,748,19865.25390625,24381.65625
747,749,24167.69140625,22826.62890625
748,750,15302.6328125,22980.982421875
749,751,9117.177734375,21494.791015625
750,752,9401.08203125,19322.1953125
751,753,24412.720703125,17506.26953125
752,754,20450.384765625,19264.3359375
753,755,8145.46728515625,16919.798828125
754,756,2918.652099609375,28548.435546875
755,757,11318.810546875,15216.9990234375
756,758,11914.064453125,21199.1953125
757,759,7139.96875,18400.251953125
758,760,15446.34375,23101.060546875
759,761,21834.08984375,18158.0078125
760,762,31834.119140625,25263.9453125
761,763,16025.6025390625,18160.69921875
762,764,11312.955078125,21538.078125
763,765,20470.166015625,16702.36328125
764,766,12907.2646484375,12135.04296875
765,767,9027.0166015625,27356.98828125
766,768,11913.8388671875,25847.275390625
767,769,23164.060546875,21488.796875
768,770,21195.798828125,25396.50390625
769,771,25598.1875,18837.404296875
770,772,11646.36328125,18111.916015625
771,773,21646.712890625,20943.71484375
772,774,19937.234375,23155.43359375
773,775,8116.93017578125,16607.666015625
774,776,27381.888671875,19224.763671875
775,777,8777.7978515625,15413.4423828125
776,778,12555.6396484375,28394.345703125
777,779,7749.6865234375,14525.58203125
778,780,9153.6484375,19418.3125
779,781,11929.845703125,18450.26171875
780,782,17065.548828125,25524.892578125
781,783,13558.095703125,20257.28515625
782,784,15161.0234375,18514.69140625
783,785,4945.7783203125,27750.40234375
784,786,16918.046875,16007.3310546875
785,787,15743.2861328125,21924.14453125
786,788,11626.896484375,24028.640625
787,789,14981.98046875,13803.5703125
788,790,18317.13671875,17825.015625
789,791,22021.8046875,16884.212890625
790,792,19352.640625,22928.3046875
791,793,18019.859375,27551.14453125
792,794,27167.01953125,18661.66796875
793,795,6166.26025390625,25652.865234375
794,796,12208.626953125,18076.400390625
795,797,7670.64599609375,17764.048828125
796,798,13780.4208984375,21756.7421875
797,799,11049.310546875,20896.51171875
798,800,20712.328125,24130.400390625
799,801,9005.10546875,26685.31640625
800,802,14162.5498046875,27865.693359375
801,803,24155.8046875,19181.623046875
802,804,12307.5439453125,17708.93359375
803,805,3482.12158203125,12483.21875
804,806,23492.26171875,19367.02734375
805,807,14621.65234375,15133.31640625
806,808,9457.666015625,24501.123046875
807,809,11599.3955078125,21522.328125
808,810,9804.857421875,17684.896484375
809,811,12788.9892578125,12650.22265625
810,812,17394.375,18106.40625
811,813,12907.51171875,16578.009765625
812,814,18085.9609375,24368.91796875
813,815,17029.232421875,18357.9765625
814,816,7921.98193359375,26993.95703125
815,817,25910.5234375,21771.26953125
816,818,13282.998046875,11406.6875
817,819,15051.642578125,21157.31640625
818,820,20119.1015625,18602.501953125
819,821,18792.552734375,18629.599609375
820,822,13197.880859375,19488.833984375
821,823,8426.484375,15774.2109375
822,824,5135.46337890625,26986.712890625
823,825,12641.634765625,21665.15234375
824,826,12200.23828125,28796.3671875
825,827,12744.28125,28896.46484375
826,828,22570.09765625,23173.71875
827,829,25695.228515625,20081.267578125
828,830,15580.6982421875,18019.677734375
829,831,18268.873046875,18071.060546875
830,832,13268.4423828125,12656.53125
831,833,16994.87890625,21885.38671875
832,834,22671.05078125,21446.2109375
833,835,8079.8701171875,14987.3310546875
834,836,13079.8037109375,26995.767578125
835,837,15827.9560546875,21645.189453125
836,838,22439.330078125,20475.04296875
837,839,4056.87939453125,26944.52734375
838,840,13507.5810546875,17797.431640625
839,841,13392.302734375,18140.1328125
840,842,9341.802734375,15155.4248046875
841,843,16471.138671875,27421.744140625
842,844,28290.654296875,17629.525390625
843,845,17205.89453125,19233.642578125
844,846,14729.6796875,26747.1484375
845,847,16343.2783203125,25277.509765625
846,848,21647.958984375,16219.271484375
847,849,16659.03515625,21449.306640625
848,850,11908.1875,19789.328125
849,851,21330.330078125,22981.67578125
850,852,15539.2490234375,24464.080078125
851,853,12530.7900390625,21244.46875
852,854,11872.6640625,24148.02734375
853,855,15421.4111328125,24469.79296875
854,856,8696.923828125,26719.4296875
855,857,14084.591796875,28650.1328125
856,858,23954.38671875,18437.33203125
857,859,29372.083984375,19620.833984375
858,860,21214.390625,12935.080078125
859,861,10016.66015625,18112.03125
860,862,23435.248046875,20344.05859375
861,863,10039.9775390625,16480.458984375
862,864,14340.5673828125,24883.8515625
863,865,25926.81640625,21607.12109375
864,866,21087.80859375,26336.37890625
865,867,12448.1650390625,19276.169921875
866,868,9938.111328125,18746.47265625
867,869,16236.05078125,19807.234375
868,870,27773.314453125,19509.751953125
869,871,14281.162109375,25034.580078125
870,872,6048.20068359375,26394.748046875
871,873,15680.990234375,27233.048828125
872,874,4503.74560546875,13293.62109375
873,875,12102.1572265625,15645.24609375
874,876,11812.8447265625,13837.7890625
875,877,27400.919921875,19791.1640625
876,878,11756.5517578125,26962.615234375
877,879,21155.875,18436.478515625
878,880,20870.0625,24035.5078125
879,881,2756.908447265625,28308.369140625
880,882,8219.8330078125,27330.837890625
881,883,3853.820068359375,26826.23046875
882,884,5165.9423828125,12921.0439453125
883,885,21766.201171875,24079.9765625
884,886,9272.7783203125,18139.908203125
885,887,20808.01953125,18380.83203125
886,888,13294.84765625,12361.537109375
887,889,13516.3251953125,22225.84375
888,890,15114.771484375,24647.564453125
889,891,6302.1552734375,13586.2919921875
890,892,25160.55078125,19478.513671875
891,893,23791.41796875,20866.013671875
892,894,20612.453125,16435.328125
893,895,11094.802734375,22742.205078125
894,896,14374.98046875,12113.91015625
895,897,6967.7685546875,13518.0068359375
896,898,8935.513671875,27006.953125
897,899,16078.431640625,24776.1796875
898,900,8412.2978515625,16728.525390625
899,901,8209.640625,16424.3671875
900,902,17992.462890625,18655.14453125
901,903,26953.439453125,19468.61328125
902,904,14117.3291015625,27740.390625
903,905,18303.490234375,22161.203125
904,906,8099.8779296875,13660.654296875
905,907,23858.890625,17522.48828125
906,908,7023.81005859375,14387.98828125
907,909,17800.115234375,24312.1328125
908,910,23609.955078125,25129.603515625
909,911,18155.236328125,18824.181640625
910,912,27794.173828125,20245.865234375
911,913,10219.85546875,19551.53515625
912,914,22485.306640625,19620.296875
913,915,2976.84326171875,28342.97265625
914,916,27726.03125,17749.455078125
915,917,12955.732421875,27084.01953125
916,918,10114.869140625,22072.58203125
917,919,6729.34912109375,14313.2001953125
918,920,29159.732421875,18877.140625
919,921,26922.015625,21068.9453125
920,922,28774.208984375,15437.6123046875
921,923,10624.35546875,16018.4208984375
922,924,25277.69140625,17844.87890625
923,925,11597.6923828125,17708.78515625
924,926,5964.23828125,15902.361328125
925,927,16556.3203125,15747.58984375
926,928,11073.205078125,25182.59765625
927,929,25959.826171875,21149.556640625
928,930,16310.2509765625,23028.408203125
929,931,9794.7822265625,14209.1826171875
930,932,6149.08935546875,11999.8271484375
931,933,13761.6884765625,23071.484375
932,934,9502.669921875,18055.794921875
933,935,12056.17578125,28670.44140625
934,936,17602.08203125,19901.296875
935,937,3440.36669921875,29153.65625
936,938,12767.763671875,28188.26171875
937,939,14691.8203125,12497.92578125
938,940,21005.46875,17469.73046875
939,941,24693.767578125,20731.541015625
940,942,10247.74609375,16585.25390625
941,943,13179.51171875,16764.5703125
942,944,6141.34814453125,27703.34765625
943,945,12214.17578125,15410.478515625
944,946,25604.21875,18953.814453125
945,947,8323.7177734375,22936.724609375
946,948,10140.669921875,20822.759765625
947,949,12094.69140625,16646.19140625
948,950,4054.21533203125,28276.93359375
949,951,8747.736328125,21912.06640625
950,952,16327.568359375,18979.419921875
951,953,9259.35546875,25746.44140625
952,954,24049.109375,18809.61328125
953,955,23085.681640625,18082.73046875
954,956,16070.5546875,15923.5166015625
955,957,21851.412109375,19729.302734375
956,958,10926.716796875,13137.955078125
957,959,11737.9794921875,15343.0234375
958,960,7545.38623046875,25411.9375
959,961,8141.76318359375,15904.1982421875
960,962,13806.3291015625,27578.00390625
961,963,27979.92578125,19309.1015625
962,964,10655.548828125,22424.18359375
963,965,15247.8037109375,19046.765625
964,966,12220.7490234375,17346.2109375
965,967,14472.7880859375,28194.7734375
966,968,18225.822265625,21856.416015625
967,969,12474.171875,26364.703125
968,970,11517.96875,20907.98828125
969,971,21741.001953125,23077.294921875
970,972,26813.43359375,18301.328125
971,973,5144.0712890625,12179.2939453125
972,974,10602.876953125,15035.0361328125
973,975,6824.0537109375,14654.13671875
974,976,7341.0625,14473.599609375
975,977,6688.9033203125,21781.205078125
976,978,2873.91845703125,12269.9814453125
977,979,13727.671875,24506.41015625
978,980,22257.251953125,16172.7919921875
979,981,5401.4619140625,14917.2373046875
980,982,9610.09765625,19085.453125
981,983,26192.2734375,20265.64453125
982,984,14990.0537109375,28177.8984375
983,985,11433.52734375,23389.44140625
984,986,15567.302734375,18562.09765625
985,987,13969.8125,17990.2109375
986,988,16054.5390625,16184.01171875
987,989,7914.109375,16468.1953125
988,990,7234.23095703125,19868.1953125
989,991,15933.53125,15002.240234375
990,992,12657.5859375,27105.228515625
991,993,14137.6015625,17645.083984375
992,994,24534.4921875,21242.625
993,995,19975.15625,25414.7109375
994,996,24148.615234375,20708.970703125
995,997,17823.908203125,20989.671875
996,998,10814.951171875,23758.7578125
997,999,26150.013671875,18902.859375
998,1000,8773.4716796875,16498.140625
999,1001,2912.188232421875,29284.99609375
1000,1002,4325.9931640625,12039.8271484375
1001,1003,9778.87109375,16032.96484375
1002,1004,14534.9970703125,29384.501953125
1003,1005,4402.5537109375,28268.265625
1004,1006,12198.654296875,18360.87890625
1005,1007,16354.3056640625,24144.857421875
1006,1008,17223.27734375,12344.8642578125
1007,1009,4859.31787109375,12767.8583984375
1008,1010,28044.392578125,19173.23046875
1009,1011,21997.859375,22885.46484375
1010,1012,12703.306640625,16163.638671875
1011,1013,12851.5146484375,12812.1181640625
1012,1014,28827.365234375,19958.361328125
1013,1015,17516.96875,18583.59375
1014,1016,20167.291015625,24471.6484375
1015,1017,16354.521484375,21564.876953125
1016,1018,22331.29296875,19241.0
1017,1019,28446.16015625,19330.58203125
1018,1020,5867.373046875,14812.3173828125
1019,1021,15006.55859375,19508.6953125
1020,1022,15527.091796875,25965.833984375
1021,1023,14302.32421875,28730.26171875
1022,1024,10978.439453125,18110.17578125
1023,1025,22634.20703125,17483.51171875
1024,1026,23655.2109375,18520.1640625
1025,1027,21491.216796875,18079.716796875
1026,1028,9865.740234375,22345.88671875
1027,1029,13670.861328125,11624.123046875
1028,1030,7505.83740234375,14292.5205078125
1029,1031,13073.474609375,21361.421875
1030,1032,9735.626953125,20803.38671875
1031,1033,29099.828125,17603.6796875
1032,1034,13774.54296875,14089.154296875
1033,1035,18322.80078125,22891.06640625
1034,1036,27655.4921875,27523.11328125
1035,1037,14886.7060546875,20249.291015625
1036,1038,6388.82421875,26747.875
1037,1039,14265.2529296875,22823.36328125
1038,1040,24614.185546875,20455.4765625
1039,1041,13484.9404296875,18213.19140625
1040,1042,11947.7998046875,28580.3359375
1041,1043,11860.451171875,28545.86328125
1042,1044,7512.2333984375,14198.8984375
1043,1045,19939.103515625,19996.544921875
1044,1046,27499.40234375,18167.28125
1045,1047,15541.794921875,21569.505859375
1046,1048,20917.21484375,19116.51171875
1047,1049,14197.5078125,11900.7578125
1048,1050,21639.5,23263.806640625
1049,1051,21551.65625,11214.7021484375
1050,1052,25807.509765625,20684.595703125
1051,1053,18669.251953125,16113.7265625
1052,1054,15784.1416015625,23652.58984375
1053,1055,12747.068359375,11628.9814453125
1054,1056,15587.150390625,24366.66015625
1055,1057,10657.28515625,20965.326171875
1056,1058,21007.779296875,17999.849609375
1057,1059,13235.6357421875,19144.04296875
1058,1060,4555.4375,12064.3681640625
1059,1061,13614.990234375,15473.291015625
1060,1062,26826.30859375,27184.951171875
1061,1063,7383.30029296875,25919.2578125
1062,1064,3951.42041015625,12578.943359375
1063,1065,22295.439453125,21496.90625
1064,1066,17937.052734375,17821.705078125
1065,1067,10924.7080078125,24234.716796875
1066,1068,12917.6181640625,26807.83984375
1067,1069,13546.4375,12521.7724609375
1068,1070,13117.990234375,11862.04296875
1069,1071,21542.720703125,7370.94970703125
1070,1072,16996.919921875,288.2794494628906
1071,1073,21585.958984375,5325.248046875
1072,1074,23841.48828125,8639.85546875
1073,1075,19206.9453125,7674.47314453125
1074,1076,24017.9140625,8069.6572265625
1075,1077,14174.962890625,2567.30615234375
1076,1078,23754.95703125,8333.474609375
1077,1079,18608.337890625,2170.370849609375
1078,1080,24569.244140625,9099.0380859375
1079,1081,17651.875,698.9830322265625
1080,1082,15384.4521484375,2083.706787109375
1081,1083,23823.837890625,10389.4560546875
1082,1084,13868.7998046875,281.34429931640625
1083,1085,20468.021484375,7119.56494140625
1084,1086,23055.01953125,7899.7744140625
1085,1087,22373.984375,4986.171875
1086,1088,18832.798828125,3335.07958984375
1087,1089,17637.919921875,6562.37109375
1088,1090,18449.93359375,842.818359375
1089,1091,15733.1572265625,243.87501525878906
1090,1092,21752.796875,4138.59375
1091,1093,17095.75390625,4238.7734375
1092,1094,25218.28125,9913.3955078125
1093,1095,23134.009765625,5543.83837890625
1094,1096,16711.3828125,1822.445068359375
1095,1097,12278.552734375,373.589111328125
1096,1098,18081.927734375,7142.185546875
1097,1099,23854.64453125,7846.56494140625
1098,1100,23317.52734375,6607.2685546875
1099,1101,21464.0,6926.365234375
1100,1102,23439.248046875,8689.015625
1101,1103,13245.69140625,907.0641479492188
1102,1104,17052.89453125,1991.779296875
1103,1105,17740.212890625,7706.90283203125
1104,1106,20667.166015625,7015.9599609375
1105,1107,14668.142578125,352.68865966796875
1106,1108,14188.76953125,3155.8017578125
1107,1109,23693.68359375,10407.58203125
1108,1110,13212.2119140625,10168.40234375
1109,1111,17163.01953125,3537.85400390625
1110,1112,14079.9912109375,7155.63232421875
1111,1113,16186.529296875,1796.635009765625
1112,1114,20727.787109375,4232.7412109375
1113,1115,18049.26171875,3633.5595703125
1114,1116,20866.642578125,2955.38525390625
1115,1117,18871.4453125,6263.0458984375
1116,1118,19544.859375,7589.0576171875
1117,1119,19713.970703125,4313.11865234375
1118,1120,23381.54296875,10414.0947265625
1119,1121,17886.423828125,3544.97021484375
1120,1122,23370.88671875,6878.60302734375
1121,1123,14842.638671875,4147.60107421875
1122,1124,20940.017578125,4204.6943359375
1123,1125,22414.322265625,7305.1591796875
1124,1126,20783.810546875,5569.15771484375
1125,1127,20196.880859375,7736.46337890625
1126,1128,21047.85546875,4652.72509765625
1127,1129,22782.80078125,9112.427734375
1128,1130,20282.58203125,9477.81640625
1129,1131,19688.193359375,8675.0205078125
1130,1132,21046.951171875,6868.50146484375
1131,1133,20231.984375,5691.580078125
1132,1134,14750.6669921875,4628.8037109375
1133,1135,17258.142578125,1638.2567138671875
1134,1136,14562.0205078125,5392.5654296875
1135,1137,16196.2841796875,2114.298828125
1136,1138,21200.16796875,9809.3232421875
1137,1139,21873.74609375,6109.8994140625
1138,1140,22680.96484375,9826.2734375
1139,1141,17013.921875,8337.900390625
1140,1142,23799.73828125,3758.566162109375
1141,1143,20301.71484375,7430.310546875
1142,1144,21663.279296875,4703.50927734375
1143,1145,19992.505859375,5637.4248046875
1144,1146,23109.623046875,6388.40234375
1145,1147,15846.369140625,2539.00732421875
1146,1148,17888.4140625,4991.07177734375
1147,1149,12669.3642578125,5403.72412109375
1148,1150,23247.896484375,9001.9677734375
1149,1151,14925.5576171875,5442.125
1150,1152,20144.0078125,2173.8876953125
1151,1153,16799.671875,8143.96337890625
1152,1154,18856.61328125,3005.01123046875
1153,1155,15598.3095703125,4247.556640625
1154,1156,23768.025390625,9940.724609375
1155,1157,18111.8828125,6561.8671875
1156,1158,21225.498046875,3900.55419921875
1157,1159,17412.599609375,4856.822265625
1158,1160,24844.18359375,9636.78515625
1159,1161,17662.892578125,6140.88134765625
1160,1162,19672.1875,9529.2578125
1161,1163,23868.904296875,7251.86279296875
1162,1164,18147.49609375,502.4698181152344
1163,1165,14381.1044921875,3780.4794921875
1164,1166,15864.939453125,1366.264404296875
1165,1167,22948.32421875,6354.140625
1166,1168,22781.74609375,7434.6328125
1167,1170,17391.53515625,6148.52392578125
1168,1171,20362.615234375,4772.998046875
1169,1172,22985.5390625,10067.8056640625
1170,1173,15323.10546875,1546.79052734375
1171,1174,19457.984375,7757.1025390625
1172,1175,19751.28515625,3158.053955078125
1173,1176,21470.8359375,5411.78466796875
1174,1177,17555.2890625,6280.537109375
1175,1178,17494.0625,1486.8726806640625
1176,1179,25222.466796875,8730.697265625
1177,1180,16287.763671875,2248.298095703125
1178,1181,20468.68359375,2479.407958984375
1179,1182,17343.24609375,3986.992919921875
1180,1183,22284.892578125,5323.24365234375
1181,1184,17703.787109375,7139.32763671875
1182,1185,16592.76171875,8426.4609375
1183,1186,22237.96484375,8493.537109375
1184,1187,15404.0029296875,1599.0185546875
1185,1188,21464.1171875,4286.08349609375
1186,1189,21747.349609375,9568.6943359375
1187,1190,19628.865234375,5683.67578125
1188,1191,19332.08984375,2382.75537109375
1189,1192,20658.548828125,7862.5498046875
1190,1193,22804.78515625,5138.3994140625
1191,1194,14947.416015625,1235.1834716796875
1192,1195,23056.3203125,3374.032958984375
1193,1196,23931.751953125,9883.4794921875
1194,1197,22199.6171875,10009.3310546875
1195,1198,15811.564453125,2902.052490234375
1196,1199,15780.607421875,3024.041748046875
1197,1200,21756.08984375,5413.16259765625
1198,1201,24462.2578125,9673.5947265625
1199,1202,23177.7109375,8672.142578125
1200,1203,18121.419921875,3880.708251953125
1201,1204,16678.572265625,2132.162353515625
1202,1205,13499.3427734375,323.2770080566406
1203,1207,17982.201171875,6955.470703125
1204,1208,18145.947265625,2843.4033203125
1205,1209,18853.73828125,8075.3447265625
1206,1210,14767.625,5145.48291015625
1207,1211,23825.3984375,6287.13623046875
1208,1212,22208.625,7785.81005859375
1209,1213,19560.681640625,4045.58544921875
1210,1214,15437.6689453125,3847.3544921875
1211,1215,18447.53125,4347.66552734375
1212,1216,21190.27734375,2549.00341796875
1213,1217,14523.6142578125,3783.91259765625
1214,1218,16571.767578125,5199.3935546875
1215,1219,20012.173828125,8754.197265625
1216,1220,19103.818359375,2423.962646484375
1217,1221,14142.1796875,425.5911560058594
1218,1222,20662.578125,2913.84423828125
1219,1223,14624.3515625,2588.0341796875
1220,1224,18357.98046875,5682.6015625
1221,1225,22932.0546875,5643.50341796875
1222,1226,20115.98828125,8567.1396484375
1223,1227,20992.3046875,3796.75341796875
1224,1228,22933.294921875,9796.912109375
1225,1229,15500.962890625,4665.845703125
1226,1230,13260.4404296875,9822.1865234375
1227,1231,23408.384765625,5543.5595703125
1228,1232,19324.26171875,6269.80712890625
1229,1233,18181.76953125,1124.4833984375
1230,1234,13796.1337890625,2877.603271484375
1231,1235,20427.87890625,9717.6787109375
1232,1236,23524.904296875,7565.1640625
1233,1237,16080.0244140625,4604.5947265625
1234,1238,15125.208984375,1229.889892578125
1235,1239,16707.046875,5665.23828125
1236,1240,14429.5908203125,5603.349609375
1237,1241,14752.7080078125,3397.92578125
1238,1242,15356.076171875,4529.5341796875
1239,1243,23435.94140625,3516.992919921875
1240,1244,21880.1328125,5872.85205078125
1241,1245,23486.56640625,9329.1015625
1242,1246,18469.298828125,1403.643310546875
1243,1247,14405.0087890625,2699.290283203125
1244,1248,19823.3671875,6011.998046875
1245,1249,16591.625,6078.91357421875
1246,1250,23275.349609375,9143.357421875
1247,1251,22683.818359375,10263.4990234375
1248,1252,23276.00390625,8191.470703125
1249,1253,18266.17578125,3816.98583984375
1250,1254,20220.04296875,2408.678466796875
1251,1255,23752.841796875,7011.40869140625
1252,1256,18926.953125,2393.0732421875
1253,1257,22594.1796875,9548.1064453125
1254,1258,13955.78125,10233.0126953125
1255,1259,17246.1875,377.42681884765625
1256,1260,19250.1953125,6748.7353515625
1257,1261,20200.833984375,2968.40771484375
1258,1262,21486.046875,3133.7333984375
1259,1263,19061.18359375,3954.402099609375
1260,1264,20580.9140625,7214.86083984375
1261,1265,19951.228515625,9697.44140625
1262,1266,19042.73828125,5838.4111328125
1263,1267,20828.40625,4937.8896484375
1264,1268,20554.33984375,3244.2724609375
1265,1269,20920.908203125,3004.008056640625
1266,1270,21306.60546875,4548.9013671875
1267,1271,17965.48828125,2122.15771484375
1268,1272,22026.5078125,7662.2041015625
1269,1273,14968.138671875,1959.701416015625
1270,1274,25024.8359375,9390.5078125
1271,1275,15421.5615234375,6297.62109375
1272,1276,24987.744140625,9013.9853515625
1273,1277,16922.91796875,7682.84765625
1274,1278,20732.673828125,9248.7509765625
1275,1279,16020.3603515625,3664.36328125
1276,1280,23444.439453125,6335.12451171875
1277,1281,21047.455078125,2191.9951171875
1278,1282,15325.115234375,330.2043762207031
1279,1283,21441.470703125,6027.7333984375
1280,1284,22651.71484375,8248.6865234375
1281,1285,23026.876953125,9171.0986328125
1282,1286,15316.19140625,1917.7987060546875
1283,1287,13781.2490234375,10395.125
1284,1288,13831.853515625,2625.45458984375
1285,1289,17739.53125,4686.23583984375
1286,1290,23136.359375,9358.38671875
1287,1291,18520.84375,8186.90185546875
1288,1292,16559.72265625,1157.9229736328125
1289,1293,22819.857421875,5746.0009765625
1290,1294,25312.412109375,8964.9541015625
1291,1295,18118.076171875,4381.1708984375
1292,1296,18370.126953125,6644.90283203125
1293,1297,16836.052734375,871.8870849609375
1294,1298,25688.921875,9200.4287109375
1295,1299,21056.125,2819.362060546875
1296,1300,14765.53125,781.97119140625
1297,1301,15873.1484375,318.50067138671875
1298,1302,14456.119140625,5079.412109375
1299,1303,22938.38671875,4897.421875
1300,1304,20025.95703125,3099.682861328125
1301,1305,18034.54296875,3451.927734375
1302,1306,16164.3251953125,2603.91552734375
1303,1307,23022.337890625,8838.8896484375
1304,1308,15218.5947265625,5224.146484375
1305,1309,21580.115234375,5880.998046875
1306,1310,18272.41796875,3379.4619140625
1307,1311,22646.166015625,8684.1904296875
1308,1312,16088.580078125,2671.806640625
1309,1313,19054.41796875,6321.98876953125
1310,1314,15583.666015625,3788.982666015625
1311,1315,20603.521484375,4759.36962890625
1312,1316,23429.279296875,6978.12841796875
1313,1317,17154.66015625,2237.56591796875
1314,1318,15062.2578125,3129.607421875
1315,1319,19329.6328125,3465.57861328125
1316,1320,17455.947265625,2952.823974609375
1317,1321,19031.80859375,2798.130615234375
1318,1322,24871.62109375,8923.599609375
1319,1323,23695.146484375,9482.0703125
1320,1324,22426.623046875,6463.90869140625
1321,1325,15340.9619140625,2360.885986328125
1322,1326,22340.724609375,6671.7314453125
1323,1327,18852.40234375,5922.798828125
1324,1328,20409.51171875,10474.42578125
1325,1329,16970.640625,1823.7705078125
1326,1330,21786.77734375,5533.126953125
1327,1331,18484.712890625,3966.128173828125
1328,1332,19455.9140625,6243.4306640625
1329,1333,20383.763671875,5214.22998046875
1330,1334,17268.515625,3203.361328125
1331,1335,18589.3828125,5490.99169921875
1332,1336,16758.4609375,1239.614501953125
1333,1337,18785.21875,5260.76708984375
1334,1338,17671.65625,2045.3814697265625
1335,1339,20887.404296875,2394.550537109375
1336,1340,23094.05078125,8136.740234375
1337,1341,15190.44140625,4858.81298828125
1338,1342,13507.5703125,10486.4580078125
1339,1343,15567.689453125,886.5062255859375
1340,1344,23695.908203125,6555.65234375
1341,1345,20258.69140625,3395.760986328125
1342,1346,17634.19921875,2238.36962890625
1343,1347,20841.2890625,9453.599609375
1344,1348,20587.53515625,2797.30859375
1345,1349,17887.349609375,3999.57177734375
1346,1350,24102.27734375,10066.7890625
1347,1351,12688.8642578125,1413.779052734375
1348,1352,20226.5546875,4567.2880859375
1349,1353,20254.486328125,4727.80810546875
1350,1354,14922.4619140625,3052.529296875
1351,1355,13882.6044921875,3251.12890625
1352,1356,21707.34375,3359.109375
1353,1357,21839.43359375,9385.1201171875
1354,1358,21684.0546875,9226.455078125
1355,1359,18496.025390625,6156.666015625
1356,1360,23434.07421875,9672.3046875
1357,1361,22874.0546875,8191.2783203125
1358,1362,17043.462890625,4488.73193359375
1359,1363,17618.865234375,2750.70947265625
1360,1364,12587.2490234375,5131.83203125
1361,1365,21244.94921875,4341.81201171875
1362,1366,22285.84375,7374.09716796875
1363,1367,22044.5078125,7398.84423828125
1364,1368,17955.234375,5170.140625
1365,1369,17635.083984375,4279.1806640625
1366,1370,15667.513671875,7580.24462890625
1367,1371,18627.5546875,6452.201171875
1368,1372,20010.75390625,3982.564697265625
1369,1373,21160.810546875,4804.86474609375
1370,1374,18945.25390625,5383.509765625
1371,1375,15049.2958984375,4611.20068359375
1372,1376,23635.427734375,8929.32421875
1373,1377,17643.517578125,1198.700439453125
1374,1378,22321.533203125,8720.0537109375
1375,1379,14821.859375,2841.128662109375
1376,1380,26058.185546875,9328.8544921875
1377,1381,21276.986328125,8346.708984375
1378,1382,21571.013671875,9439.380859375
1379,1383,15505.224609375,7063.6015625
1380,1384,16888.146484375,5986.1328125
1381,1385,19708.267578125,3808.50146484375
1382,1386,19920.48046875,3837.22119140625
1383,1387,18898.421875,7834.7431640625
1384,1388,16331.9599609375,3213.975341796875
1385,1389,17054.09375,6646.6396484375
1386,1390,21908.0234375,6664.54296875
1387,1391,22390.390625,7117.18310546875
1388,1392,22355.41015625,2907.8349609375
1389,1393,12280.595703125,4162.02783203125
1390,1394,18430.0546875,1856.1707763671875
1391,1395,22081.12109375,9121.70703125
1392,1396,23059.076171875,5115.3984375
1393,1397,20777.609375,8352.9794921875
1394,1398,20209.68359375,4246.21435546875
1395,1399,24246.33203125,9051.578125
1396,1400,18615.22265625,7717.47998046875
1397,1401,20362.494140625,7982.70703125
1398,1402,23268.8671875,3467.04833984375
1399,1403,19588.33203125,8215.35546875
1400,1404,12938.90625,1051.4420166015625
1401,1405,17916.013671875,1842.640625
1402,1406,23949.755859375,8187.28564453125
1403,1407,17938.70703125,8291.3046875
1404,1408,17984.13671875,8402.689453125
1405,1409,24255.6015625,7792.611328125
1406,1410,17499.322265625,542.618408203125
1407,1411,17905.296875,6758.46484375
1408,1412,22594.88671875,9118.875
1409,1413,18518.275390625,526.1444702148438
1410,1414,20412.4921875,4232.0498046875
1411,1415,15272.0615234375,3640.928466796875
1412,1416,19484.34375,9008.2060546875
1413,1417,16355.861328125,1853.6632080078125
1414,1418,24388.212890625,8046.3037109375
1415,1419,22628.08984375,7917.51416015625
1416,1420,20076.55078125,7335.529296875
1417,1421,17576.91796875,3961.6318359375
1418,1422,19462.517578125,9257.5361328125
1419,1423,24024.3984375,6322.4306640625
1420,1424,14261.240234375,3624.57666015625
1421,1425,19657.865234375,5053.70654296875
1422,1426,17978.6171875,4362.23486328125
1423,1427,19450.263671875,2701.895751953125
1424,1428,22106.111328125,6443.77197265625
1425,1429,22879.96484375,4998.15869140625
1426,1430,18417.96484375,2813.485107421875
1427,1431,14542.4765625,3281.51513671875
1428,1432,19512.640625,9431.2861328125
1429,1433,22819.38671875,9967.84375
1430,1434,22461.31640625,10129.625
1431,1435,18747.69140625,2626.293701171875
1432,1436,15142.259765625,1612.107666015625
1433,1437,17266.109375,257.1041259765625
1434,1438,21793.205078125,6713.76806640625
1435,1439,24196.35546875,8502.6650390625
1436,1440,20166.20703125,3859.89697265625
1437,1441,17407.421875,3161.846923828125
1438,1442,13654.5859375,435.9468994140625
1439,1443,21851.880859375,4531.30810546875
1440,1444,22932.7890625,3742.419921875
1441,1445,23529.80078125,7185.6015625
1442,1446,16260.419921875,4179.31591796875
1443,1447,19034.638671875,6623.28955078125
1444,1448,23193.603515625,5283.35107421875
1445,1449,19017.1953125,4553.12646484375
1446,1450,22573.4921875,8517.21484375
1447,1451,20189.2890625,6246.0458984375
1448,1452,17444.36328125,862.455810546875
1449,1453,20239.560546875,3122.023681640625
1450,1454,22294.7578125,6262.0009765625
1451,1455,20278.228515625,8426.50390625
1452,1456,16195.9892578125,433.0915832519531
1453,1457,19757.189453125,7056.25244140625
1454,1458,19873.96875,3269.533447265625
1455,1459,14481.7822265625,855.4589233398438
1456,1460,20045.046875,6402.47021484375
1457,1461,19606.525390625,5447.7919921875
1458,1462,16584.78515625,3307.8740234375
1459,1463,23918.125,10157.48046875
1460,1464,16713.1796875,5194.23681640625
1461,1465,23518.537109375,8102.4130859375
1462,1466,23340.75,2435.93603515625
1463,1467,23613.13671875,7724.291015625
1464,1468,25511.35546875,5287.1298828125
1465,1469,17544.16796875,3285.8974609375
1466,1470,20116.9296875,7907.279296875
1467,1471,23292.947265625,5381.119140625
1468,1472,19182.71484375,7927.7373046875
1469,1473,17745.27734375,379.59002685546875
1470,1474,12286.9423828125,267.0828857421875
1471,1475,15460.23828125,562.37548828125
1472,1476,14455.6220703125,4008.24462890625
1473,1477,24391.37109375,7704.080078125
1474,1478,20945.98828125,4538.76220703125
1475,1479,15844.3037109375,1622.34228515625
1476,1480,19530.68359375,6705.4111328125
1477,1481,23246.05859375,7914.73193359375
1478,1482,17135.5546875,3177.985107421875
1479,1483,20056.72265625,8402.912109375
1480,1484,19768.7109375,4180.32421875
1481,1485,23877.1484375,7663.662109375
1482,1486,17170.43359375,1863.6162109375
1483,1487,20903.375,2666.3310546875
1484,1488,16616.880859375,253.52923583984375
1485,1489,18289.728515625,3265.841552734375
1486,1490,20901.2578125,7380.26611328125
1487,1491,15796.6884765625,3375.543701171875
1488,1492,17618.76953125,6857.671875
1489,1493,40356.7890625,18906.90625
1490,1494,39782.03125,22703.328125
1491,1495,40258.5625,15562.525390625
1492,1496,40098.79296875,20709.537109375
1493,1497,38785.6875,13782.76171875
1494,1498,37470.82421875,13811.25
1495,1499,40249.5,16148.9736328125
1496,1500,38491.3359375,13563.4365234375
1497,1501,40550.08203125,19014.814453125
1498,1502,40234.92578125,20529.416015625
1499,1503,39765.78125,23706.140625
1500,1504,40258.9609375,24389.4296875
1501,1505,39519.96484375,22284.609375
1502,1507,40218.22265625,7895.13818359375
1503,1508,40024.109375,23499.208984375
1504,1509,39362.4453125,10200.75
1505,1510,37321.8125,12706.1484375
1506,1511,40246.9296875,22786.62109375
1507,1512,39971.7265625,11519.794921875
1508,1513,39159.90625,11225.716796875
1509,1514,38461.5078125,12939.5400390625
1510,1515,40727.40234375,19069.134765625
1511,1516,36989.54296875,14732.244140625
1512,1517,39323.84765625,13877.990234375
1513,1518,39628.78125,10028.705078125
1514,1519,39972.6328125,24885.0703125
1515,1521,40444.05078125,25336.82421875
1516,1522,40502.7578125,21648.2109375
1517,1523,40078.4296875,14165.412109375
1518,1524,39605.18359375,12492.7724609375
1519,1525,39580.46875,7780.6142578125
1520,1526,39596.26171875,14032.2060546875
1521,1527,40336.89453125,14853.1552734375
1522,1528,38054.93359375,13985.3134765625
1523,1529,40139.94140625,20025.82421875
1524,1530,40671.69921875,21818.861328125
1525,1531,40160.09765625,15083.5146484375
1526,1532,40312.4921875,23018.88671875
1527,1533,40113.5546875,19397.6875
1528,1534,38767.43359375,14708.08203125
1529,1535,40455.1171875,18289.65625
1530,1536,40499.6015625,10496.529296875
1531,1537,39313.2890625,23285.65234375
1532,1538,40570.70703125,25532.32421875
1533,1539,40316.82421875,15950.4482421875
1534,1540,39284.6328125,9855.755859375
1535,1541,40611.30078125,8156.48681640625
1536,1542,39181.92578125,11764.607421875
1537,1543,40018.91015625,15696.9609375
1538,1544,39232.484375,22023.20703125
1539,1545,40456.98828125,25634.353515625
1540,1546,38969.65625,14753.783203125
1541,1547,40534.421875,25664.8359375
1542,1548,38427.33203125,11469.068359375
1543,1549,39916.22265625,20054.681640625
1544,1550,40359.3515625,26959.833984375
1545,1551,39811.84375,24277.8359375
1546,1552,39996.828125,11118.3994140625
1547,1553,40006.30078125,21761.88671875
1548,1554,40234.91796875,25488.537109375
1549,1555,39770.5078125,13081.888671875
1550,1556,39910.07421875,8252.376953125
1551,1557,37875.6640625,12019.8193359375
1552,1558,40123.5859375,11259.369140625
1553,1559,38148.18359375,15478.2744140625
1554,1560,40434.46875,11280.58203125
1555,1562,39992.37890625,18303.060546875
1556,1563,40637.39453125,11506.263671875
1557,1564,39567.53515625,21992.259765625
1558,1565,37375.296875,14036.7099609375
1559,1566,38621.66015625,23085.580078125
1560,1567,38794.79296875,22438.06640625
1561,1569,38243.02734375,11992.4248046875
1562,1570,40651.73046875,19506.5859375
1563,1571,40721.62109375,12407.3544921875
1564,1572,37357.234375,13597.2412109375
1565,1573,40391.91015625,24481.1328125
1566,1574,39757.78515625,7561.35400390625
1567,1575,37736.53515625,10364.4345703125
1568,1576,39575.18359375,23910.013671875
1569,1578,38795.06640625,11723.90234375
1570,1579,39205.23828125,16133.4091796875
1571,1580,39798.33203125,21242.451171875
1572,1581,40136.390625,21279.990234375
1573,1582,36794.5234375,14758.5146484375
1574,1583,38469.171875,10734.6435546875
1575,1584,40735.3828125,12884.67578125
1576,1585,37908.51171875,10262.40234375
1577,1586,40393.57421875,16122.2138671875
1578,1587,39635.36328125,21577.44921875
1579,1588,38905.69140625,13856.46484375
1580,1589,40117.515625,25890.21875
1581,1590,40706.5,15825.40234375
1582,1591,40138.15625,8545.0234375
1583,1592,39187.20703125,11618.5625
1584,1593,40227.5,18394.5234375
1585,1594,39820.4375,18222.57421875
1586,1595,39875.390625,18852.91796875
1587,1596,39874.40625,25772.984375
1588,1597,40027.49609375,22751.361328125
1589,1598,38612.796875,22404.248046875
1590,1599,39643.640625,23020.515625
1591,1600,39263.65625,14759.998046875
1592,1601,37802.6953125,11644.1162109375
1593,1602,39365.4375,22414.27734375
1594,1603,40273.484375,22159.755859375
1595,1604,38480.8125,15920.6513671875
1596,1605,39846.5546875,14107.0986328125
1597,1606,40290.5234375,19113.56640625
1598,1607,38195.6171875,10796.650390625
1599,1608,39011.6328125,9409.2490234375
1600,1610,40024.76953125,15977.3583984375
1601,1611,40092.2734375,19041.810546875
1602,1612,40225.45703125,21949.80859375
1603,1613,37148.21484375,13265.970703125
1604,1614,40723.0234375,26027.94140625
1605,1615,39043.48046875,22483.427734375
1606,1616,38062.96484375,10750.8095703125
1607,1617,37935.64453125,11571.84375
1608,1618,39859.41796875,10028.7333984375
1609,1619,39901.03125,13976.044921875
1610,1620,37506.72265625,12097.2236328125
1611,1621,39686.08203125,16512.953125
1612,1622,39684.4453125,11076.958984375
1613,1623,40113.54296875,19814.462890625
1614,1624,37700.4453125,15306.5791015625
1615,1625,40739.5234375,13564.79296875
1616,1626,39842.875,7960.7001953125
1617,1627,37169.6796875,15440.4619140625
1618,1628,39665.66015625,12263.087890625
1619,1629,40285.75390625,19631.861328125
1620,1630,40317.33203125,11244.248046875
1621,1631,38476.765625,12118.400390625
1622,1632,38453.46875,12633.0146484375
1623,1633,39723.6953125,19440.0859375
1624,1634,37876.81640625,11099.05859375
1625,1635,40247.29296875,17246.142578125
1626,1636,39835.21875,21328.859375
1627,1637,39250.84375,24144.203125
1628,1638,39059.828125,13017.3037109375
1629,1639,38176.140625,13189.0224609375
1630,1640,38853.125,22663.46484375
1631,1641,39190.4921875,10868.4462890625
1632,1642,39450.23828125,12709.2236328125
1633,1643,39011.65234375,10916.31640625
1634,1644,40065.49609375,20226.912109375
1635,1645,40306.0390625,8318.421875
1636,1646,37908.734375,15129.6826171875
1637,1647,36927.0078125,11419.984375
1638,1648,39719.08984375,22072.83203125
1639,1649,39711.3203125,18781.0546875
1640,1650,40629.62890625,13900.826171875
1641,1651,39454.8046875,14396.013671875
1642,1652,39725.2421875,19997.046875
1643,1653,39093.9140625,14899.3603515625
1644,1654,38332.68359375,12194.6044921875
1645,1655,40637.91015625,9998.4091796875
1646,1656,39813.9140625,23127.115234375
1647,1657,39062.40625,23423.68359375
1648,1658,38230.31640625,14975.1064453125
1649,1659,40611.44140625,24349.423828125
1650,1660,39353.8515625,18091.78515625
1651,1661,40464.28125,16347.94921875
1652,1662,38119.8671875,17904.123046875
1653,1663,40384.4296875,9891.345703125
1654,1664,39701.96484375,18404.849609375
1655,1665,39863.2734375,21135.296875
1656,1666,38892.59375,22978.826171875
1657,1667,39920.43359375,23905.212890625
1658,1668,40390.9609375,23859.431640625
1659,1669,40103.390625,12999.3359375
1660,1670,40396.32421875,10314.505859375
1661,1671,40355.0234375,24773.904296875
1662,1672,40257.83984375,26566.763671875
1663,1673,39444.015625,10991.09765625
1664,1674,39985.01171875,12583.4853515625
1665,1675,39614.8671875,22724.18359375
1666,1676,39141.3984375,22125.494140625
1667,1677,40229.05078125,8953.837890625
1668,1678,36884.44140625,21350.3046875
1669,1679,40142.15625,13476.666015625
1670,1680,40144.5546875,15404.591796875
1671,1681,39360.95703125,16371.7021484375
1672,1682,40560.1953125,13512.5302734375
1673,1683,39122.5234375,12216.884765625
1674,1684,39801.921875,11650.0732421875
1675,1685,39834.8359375,16437.888671875
1676,1686,39426.05859375,24648.490234375
1677,1687,39768.7421875,22412.34375
1678,1688,39963.703125,10805.560546875
1679,1689,39052.59765625,23749.34765625
1680,1690,39310.5078125,12697.6494140625
1681,1691,39085.484375,7162.34619140625
1682,1692,39154.21484375,20624.291015625
1683,1693,39738.5,22859.61328125
1684,1694,40444.890625,7960.1025390625
1685,1695,38935.7421875,10733.3056640625
1686,1696,38750.78125,15311.33203125
1687,1697,40136.4609375,17422.26171875
1688,1698,40547.30078125,12081.5751953125
1689,1699,38843.0078125,13238.2509765625
1690,1700,39216.87109375,10088.748046875
1691,1701,37659.08984375,13038.701171875
1692,1702,38659.30078125,10441.9560546875
1693,1703,37975.5234375,14781.70703125
1694,1704,40431.34375,20086.9296875
1695,1705,40270.8671875,23967.640625
1696,1706,39637.69921875,10310.2578125
1697,1707,36749.9296875,13577.833984375
1698,1708,39076.54296875,22262.01953125
1699,1709,37667.921875,12346.8857421875
1700,1710,40613.01953125,26070.8671875
1701,1711,40550.23828125,19793.62109375
1702,1712,40475.4296875,13866.9384765625
1703,1713,40205.74609375,14400.7314453125
1704,1714,39201.8515625,9349.8671875
1705,1715,40377.1640625,19548.974609375
